"fpressure","visibility_m_mean","nitrate_plus_nitrite_uM_mean_mean","phosphate_uM_mean_mean","prod_mean_aq_mean","prod_mean_f_mean","turb_mean_aq_mean","ysi_temp_mean_1m_mean","ysi_salinity_mean_1m_mean","ysi_DO_mean_1m_mean","ysi_pH_mean_1m_mean","npp_mean_sat_mean","npp_max_sat_mean","wave_mean_sat_mean","wave_wind_fetch_sat_mean","visibility_m_sd","nitrate_plus_nitrite_uM_mean_sd","phosphate_uM_mean_sd","prod_mean_aq_sd","prod_mean_f_sd","turb_mean_aq_sd","ysi_temp_mean_1m_sd","ysi_salinity_mean_1m_sd","ysi_DO_mean_1m_sd","ysi_pH_mean_1m_sd","npp_mean_sat_sd","npp_max_sat_sd","wave_mean_sat_sd","wave_wind_fetch_sat_sd"
"Medium",15.809,2.069999999875,0.55824999975,5.939999999875,0.682852913375,-0.44387500025,29.0555555566667,35.121666665,97.7333333333333,8.016666667,964.6187241,1077.882561,24.82366817,0,5.1521019288941,0.496322987453655,0.0875835655803183,1.66610784907282,0.645388328233546,0.897136891096801,0.0509175080854287,0.0164991558706634,7.119534939111,0.0435889894354066,0,0,0,0
"Very high",13.2075555555556,1.53074074077778,0.439740740777778,8.56544444622222,0.770761864888889,0.0931851852222222,29.0666666675,35.6725,91.241666665,8.045,895.263241488889,1103.76461266667,13.8724018377778,0.444444444444444,2.27936521377724,0.102480049041475,0.0465626156110587,2.67449373864228,0.365887201817465,0.299818746662118,0.156347193415453,0.843095597777968,3.36874248594779,0.0308520964051486,3.70095358189076,7.80829283621011,13.1400328256187,0.52704627669473
