"","denovo1154","denovo11259","denovo38743","denovo11779","denovo15290","denovo16230","denovo23449"
"denovo1154",0,0.0359477124183007,0.0457516339869281,0.0392156862745098,0.0392156862745098,0.0392156862745098,0.00326797385620915
"denovo11259",0.0359477124183007,0,0.0227272727272727,0.042483660130719,0.00324675324675325,0.00324675324675325,0.0392156862745098
"denovo38743",0.0457516339869281,0.0227272727272727,0,0.0588235294117647,0.0194805194805195,0.025974025974026,0.0490196078431373
"denovo11779",0.0392156862745098,0.042483660130719,0.0588235294117647,0,0.0457516339869281,0.0457516339869281,0.042483660130719
"denovo15290",0.0392156862745098,0.00324675324675325,0.0194805194805195,0.0457516339869281,0,0.00649350649350649,0.042483660130719
"denovo16230",0.0392156862745098,0.00324675324675325,0.025974025974026,0.0457516339869281,0.00649350649350649,0,0.042483660130719
"denovo23449",0.00326797385620915,0.0392156862745098,0.0490196078431373,0.042483660130719,0.042483660130719,0.042483660130719,0
