"fpressure","visibility_m_mean","ysi_temp_mean_1m_mean","ysi_salinity_mean_1m_mean","ysi_DO_mean_1m_mean","ysi_pH_mean_1m_mean","npp_mean_sat_mean","npp_max_sat_mean","wave_mean_sat_mean","visibility_m_sd","ysi_temp_mean_1m_sd","ysi_salinity_mean_1m_sd","ysi_DO_mean_1m_sd","ysi_pH_mean_1m_sd","npp_mean_sat_sd","npp_max_sat_sd","wave_mean_sat_sd"
"Medium",15.809,29.0555555566667,35.121666665,97.7333333333333,8.016666667,964.6187241,1077.882561,24.82366817,5.1521019288941,0.0509175080854287,0.0164991558706634,7.119534939111,0.0435889894354066,0,0,0
"Very high",13.2075555555556,29.0666666675,35.6725,91.241666665,8.045,895.263241488889,1103.76461266667,13.8724018377778,2.27936521377724,0.156347193415453,0.843095597777968,3.36874248594779,0.0308520964051486,3.70095358189076,7.80829283621011,13.1400328256187
